-- phpMyAdmin SQL Dump
-- version 5.2.1
-- https://www.phpmyadmin.net/
--
-- Host: 127.0.0.1
-- Waktu pembuatan: 03 Feb 2024 pada 02.26
-- Versi server: 10.4.32-MariaDB
-- Versi PHP: 8.2.12

SET SQL_MODE = "NO_AUTO_VALUE_ON_ZERO";
START TRANSACTION;
SET time_zone = "+00:00";


/*!40101 SET @OLD_CHARACTER_SET_CLIENT=@@CHARACTER_SET_CLIENT */;
/*!40101 SET @OLD_CHARACTER_SET_RESULTS=@@CHARACTER_SET_RESULTS */;
/*!40101 SET @OLD_COLLATION_CONNECTION=@@COLLATION_CONNECTION */;
/*!40101 SET NAMES utf8mb4 */;

--
-- Database: `laundry`
--

-- --------------------------------------------------------

--
-- Struktur dari tabel `detail_transaksi`
--

CREATE TABLE `detail_transaksi` (
  `id_detail` int(11) NOT NULL,
  `transaksi_id` int(11) DEFAULT NULL,
  `paket_id` int(11) DEFAULT NULL,
  `qty` double DEFAULT NULL,
  `total_harga` double DEFAULT NULL,
  `keterangan` text DEFAULT NULL,
  `total_bayar` int(11) DEFAULT NULL
) ENGINE=InnoDB DEFAULT CHARSET=utf8mb4 COLLATE=utf8mb4_general_ci;

--
-- Dumping data untuk tabel `detail_transaksi`
--

INSERT INTO `detail_transaksi` (`id_detail`, `transaksi_id`, `paket_id`, `qty`, `total_harga`, `keterangan`, `total_bayar`) VALUES
(9, 33, 4, 10, 150000, NULL, 200000),
(10, 34, 4, 10000, 150000000, NULL, 2147483647),
(11, 36, 4, 1, 15000, NULL, 15000),
(12, 37, 5, 3, 30000, NULL, 40000);

-- --------------------------------------------------------

--
-- Struktur dari tabel `member`
--

CREATE TABLE `member` (
  `id_member` int(11) NOT NULL,
  `nama_member` varchar(100) DEFAULT NULL,
  `alamat_member` text DEFAULT NULL,
  `jenis_kelamin` enum('Laki-Laki','Perempuan') DEFAULT NULL,
  `telp_member` varchar(15) DEFAULT NULL,
  `no_ktp` varchar(30) DEFAULT NULL
) ENGINE=InnoDB DEFAULT CHARSET=utf8mb4 COLLATE=utf8mb4_general_ci;

--
-- Dumping data untuk tabel `member`
--

INSERT INTO `member` (`id_member`, `nama_member`, `alamat_member`, `jenis_kelamin`, `telp_member`, `no_ktp`) VALUES
(5, 'Surya', 'Depok', 'Laki-Laki', '0821340411', '123456789'),
(6, 'Ramadhani', 'Jakarta', 'Laki-Laki', '087787457', '313717814');

-- --------------------------------------------------------

--
-- Struktur dari tabel `outlet`
--

CREATE TABLE `outlet` (
  `id_outlet` int(11) NOT NULL,
  `nama_outlet` varchar(100) DEFAULT NULL,
  `alamat_outlet` text DEFAULT NULL,
  `telp_outlet` varchar(15) DEFAULT NULL
) ENGINE=InnoDB DEFAULT CHARSET=utf8mb4 COLLATE=utf8mb4_general_ci;

--
-- Dumping data untuk tabel `outlet`
--

INSERT INTO `outlet` (`id_outlet`, `nama_outlet`, `alamat_outlet`, `telp_outlet`) VALUES
(26, 'Geane', 'Jakarta', '087887889'),
(28, 'Fleane', 'Depok', '087809503');

-- --------------------------------------------------------

--
-- Struktur dari tabel `paket`
--

CREATE TABLE `paket` (
  `id_paket` int(11) NOT NULL,
  `jenis_paket` enum('Kiloan','Selimut','Bedcover','Kaos','Levis') DEFAULT NULL,
  `nama_paket` varchar(100) DEFAULT NULL,
  `harga` int(11) DEFAULT NULL,
  `outlet_id` int(11) DEFAULT NULL
) ENGINE=InnoDB DEFAULT CHARSET=utf8mb4 COLLATE=utf8mb4_general_ci;

--
-- Dumping data untuk tabel `paket`
--

INSERT INTO `paket` (`id_paket`, `jenis_paket`, `nama_paket`, `harga`, `outlet_id`) VALUES
(4, 'Kiloan', 'Paket Kering Wangi', 15000, 26),
(5, 'Levis', 'Cuci Cepat', 10000, 28);

-- --------------------------------------------------------

--
-- Struktur dari tabel `transaksi`
--

CREATE TABLE `transaksi` (
  `id_transaksi` int(11) NOT NULL,
  `outlet_id` int(11) DEFAULT NULL,
  `kode_invoice` varchar(100) DEFAULT NULL,
  `member_id` int(11) DEFAULT NULL,
  `tgl` datetime DEFAULT NULL,
  `batas_waktu` datetime DEFAULT NULL,
  `tgl_pembayaran` datetime DEFAULT NULL,
  `biaya_tambahan` int(11) DEFAULT NULL,
  `diskon` double DEFAULT NULL,
  `pajak` int(11) DEFAULT NULL,
  `status` enum('Baru','Proses','Selesai','Diambil') DEFAULT NULL,
  `status_bayar` enum('Dibayar','Belum') DEFAULT NULL,
  `user_id` int(11) DEFAULT NULL
) ENGINE=InnoDB DEFAULT CHARSET=utf8mb4 COLLATE=utf8mb4_general_ci;

--
-- Dumping data untuk tabel `transaksi`
--

INSERT INTO `transaksi` (`id_transaksi`, `outlet_id`, `kode_invoice`, `member_id`, `tgl`, `batas_waktu`, `tgl_pembayaran`, `biaya_tambahan`, `diskon`, `pajak`, `status`, `status_bayar`, `user_id`) VALUES
(33, 26, 'DRY202003213927', 5, '2020-03-21 02:27:48', '2020-03-28 12:00:00', '2020-03-21 02:28:03', 0, 0, 0, 'Diambil', 'Dibayar', 11),
(34, 26, 'DRY202402022528', 5, '2024-02-02 02:28:43', '2024-02-09 12:00:00', '2024-02-02 02:29:06', 0, 0, 0, 'Diambil', 'Dibayar', 0),
(35, 28, 'DRY202402022118', 6, '2024-02-02 08:18:26', '2024-02-09 12:00:00', NULL, 0, 0, 0, 'Baru', 'Belum', 0),
(36, 26, 'DRY202402024418', 5, '2024-02-02 08:18:51', '2024-02-09 12:00:00', '2024-02-03 02:11:15', 0, 0, 0, 'Selesai', 'Dibayar', 0),
(37, 28, 'DRY202402032209', 6, '2024-02-03 02:09:32', '2024-02-10 12:00:00', '2024-02-03 02:10:05', 0, 0, 0, 'Selesai', 'Dibayar', 0);

-- --------------------------------------------------------

--
-- Struktur dari tabel `user`
--

CREATE TABLE `user` (
  `id_user` int(11) NOT NULL,
  `nama_user` varchar(100) DEFAULT NULL,
  `username` varchar(32) DEFAULT NULL,
  `password` varchar(150) DEFAULT NULL,
  `outlet_id` int(11) DEFAULT NULL,
  `role` enum('admin','kasir','owner') DEFAULT NULL
) ENGINE=InnoDB DEFAULT CHARSET=utf8mb4 COLLATE=utf8mb4_general_ci;

--
-- Dumping data untuk tabel `user`
--

INSERT INTO `user` (`id_user`, `nama_user`, `username`, `password`, `outlet_id`, `role`) VALUES
(13, 'SRD', 'admin', '21232f297a57a5a743894a0e4a801fc3', NULL, 'admin'),
(15, 'Ramadhani', 'owner', '72122ce96bfec66e2396d2e25225d70a', 26, 'owner'),
(17, 'Surya', 'kasir', 'c7911af3adbd12a035b289556d96470a', 28, 'kasir');

--
-- Indexes for dumped tables
--

--
-- Indeks untuk tabel `detail_transaksi`
--
ALTER TABLE `detail_transaksi`
  ADD PRIMARY KEY (`id_detail`),
  ADD KEY `transaksi_id` (`transaksi_id`),
  ADD KEY `paket_id` (`paket_id`);

--
-- Indeks untuk tabel `member`
--
ALTER TABLE `member`
  ADD PRIMARY KEY (`id_member`);

--
-- Indeks untuk tabel `outlet`
--
ALTER TABLE `outlet`
  ADD PRIMARY KEY (`id_outlet`);

--
-- Indeks untuk tabel `paket`
--
ALTER TABLE `paket`
  ADD PRIMARY KEY (`id_paket`),
  ADD KEY `outlet_id` (`outlet_id`);

--
-- Indeks untuk tabel `transaksi`
--
ALTER TABLE `transaksi`
  ADD PRIMARY KEY (`id_transaksi`),
  ADD KEY `outlet_id` (`outlet_id`),
  ADD KEY `member_id` (`member_id`),
  ADD KEY `user_id` (`user_id`);

--
-- Indeks untuk tabel `user`
--
ALTER TABLE `user`
  ADD PRIMARY KEY (`id_user`),
  ADD KEY `outlet_id` (`outlet_id`);

--
-- AUTO_INCREMENT untuk tabel yang dibuang
--

--
-- AUTO_INCREMENT untuk tabel `detail_transaksi`
--
ALTER TABLE `detail_transaksi`
  MODIFY `id_detail` int(11) NOT NULL AUTO_INCREMENT, AUTO_INCREMENT=13;

--
-- AUTO_INCREMENT untuk tabel `member`
--
ALTER TABLE `member`
  MODIFY `id_member` int(11) NOT NULL AUTO_INCREMENT, AUTO_INCREMENT=7;

--
-- AUTO_INCREMENT untuk tabel `outlet`
--
ALTER TABLE `outlet`
  MODIFY `id_outlet` int(11) NOT NULL AUTO_INCREMENT, AUTO_INCREMENT=29;

--
-- AUTO_INCREMENT untuk tabel `paket`
--
ALTER TABLE `paket`
  MODIFY `id_paket` int(11) NOT NULL AUTO_INCREMENT, AUTO_INCREMENT=6;

--
-- AUTO_INCREMENT untuk tabel `transaksi`
--
ALTER TABLE `transaksi`
  MODIFY `id_transaksi` int(11) NOT NULL AUTO_INCREMENT, AUTO_INCREMENT=38;

--
-- AUTO_INCREMENT untuk tabel `user`
--
ALTER TABLE `user`
  MODIFY `id_user` int(11) NOT NULL AUTO_INCREMENT, AUTO_INCREMENT=18;

--
-- Ketidakleluasaan untuk tabel pelimpahan (Dumped Tables)
--

--
-- Ketidakleluasaan untuk tabel `detail_transaksi`
--
ALTER TABLE `detail_transaksi`
  ADD CONSTRAINT `detail_transaksi_ibfk_1` FOREIGN KEY (`transaksi_id`) REFERENCES `transaksi` (`id_transaksi`),
  ADD CONSTRAINT `detail_transaksi_ibfk_2` FOREIGN KEY (`paket_id`) REFERENCES `paket` (`id_paket`);

--
-- Ketidakleluasaan untuk tabel `paket`
--
ALTER TABLE `paket`
  ADD CONSTRAINT `paket_ibfk_1` FOREIGN KEY (`outlet_id`) REFERENCES `outlet` (`id_outlet`);

--
-- Ketidakleluasaan untuk tabel `transaksi`
--
ALTER TABLE `transaksi`
  ADD CONSTRAINT `transaksi_ibfk_1` FOREIGN KEY (`outlet_id`) REFERENCES `outlet` (`id_outlet`),
  ADD CONSTRAINT `transaksi_ibfk_2` FOREIGN KEY (`member_id`) REFERENCES `member` (`id_member`);

--
-- Ketidakleluasaan untuk tabel `user`
--
ALTER TABLE `user`
  ADD CONSTRAINT `user_ibfk_1` FOREIGN KEY (`outlet_id`) REFERENCES `outlet` (`id_outlet`);
COMMIT;

/*!40101 SET CHARACTER_SET_CLIENT=@OLD_CHARACTER_SET_CLIENT */;
/*!40101 SET CHARACTER_SET_RESULTS=@OLD_CHARACTER_SET_RESULTS */;
/*!40101 SET COLLATION_CONNECTION=@OLD_COLLATION_CONNECTION */;
